Gilberto Jenkins,(645) 814-8873,8250 Kade Club Stiedemannburgh WA 20027,Prince,Small,401,2016-06-08 00:18:44 -0500
Miss Corene Sauer,(605) 323-4358,788 Terrell River Lake Reuben GA 77383-1492,Harry Potter,Small,69,2016-06-05 12:15:08 -0500
Avis Keebler MD,(674) 467-2164,1408 Garrick Mountains South Matildaland WY 31853,Star Wars,Medium,89,2016-05-01 19:47:31 -0500
Loyal Fay,(251) 523-8088,7612 Mayer Turnpike Eleazartown CA 35929,Capt America,Small,350,2016-05-15 10:11:19 -0500
Emely Nienow Jr.,(978) 186-6741,455 Kuphal Mountains Rolfsonfurt TN 47741,Cowboys,Medium,460,2016-05-31 11:06:27 -0500
Dr. Ana Rogahn,(703) 617-5273,39311 Mueller Greens Verlaburgh MS 74991,Capt America,Small,388,2016-05-26 03:48:11 -0500
Reuben Corwin V,(527) 928-5265,32088 Ruthie Square Brycetown CA 35318,Capt America,Medium,367,2016-06-10 07:09:01 -0500
Breanna Funk,(740) 498-3295,4627 Bosco Shores New Jordynfurt NC 46953-6476,Capt America,Small,127,2016-05-29 03:21:29 -0500
Will Morissette,(777) 191-7456,767 Feest Street East Lulumouth MN 32178-2717,Star Wars,Small,489,2016-06-13 18:03:26 -0500
Darrel Morar,(246) 287-4563,81720 Brown Radial Caleside MN 48365-9287,Cowboys,Large,41,2016-05-13 09:59:49 -0500
