Waldo Ferry,(462) 623-6472,494 Upton Isle North Ernesto MA 10990,Star Wars,Large,197,2016-06-15 08:38:08 -0500
Madge Sporer,(934) 169-4766,104 Richard Land New Monicaton NH 66070-5477,Capt America,Medium,420,2016-05-05 10:11:10 -0500
Providenci Dibbert,(474) 511-3142,822 Ernestine Highway East Cassandrafurt NC 10061-7522,Capt America,Large,304,2016-05-09 09:02:06 -0500
Julian Batz,(617) 318-8754,588 Willa Path Shanahanview HI 19820-1143,Prince,Medium,264,2016-05-23 04:15:00 -0500
Dr. Salvador Collins,(624) 934-4578,672 Braxton Hills North Edwardshire DE 48464,Cowboys,Large,397,2016-05-12 11:11:26 -0500
Austin Rempel,(595) 946-8657,75311 Ryan Rapid Terryburgh OR 20089-1477,Capt America,Medium,482,2016-05-10 18:02:00 -0500
Marco Haag,(979) 851-7522,98915 Rashad Burgs West Madisyn MS 58385-0530,Star Wars,Small,158,2016-06-12 23:13:55 -0500
Colten McKenzie,(758) 694-3582,41117 Concepcion Shore East Gregorio ID 40387,Harry Potter,Medium,400,2016-05-20 23:40:25 -0500
Sabina Pollich Sr.,(786) 164-5699,20279 Herzog Landing Oralfurt OH 25775,Cowboys,Small,368,2016-06-16 10:58:26 -0500
Lamont Kunde,(894) 843-2173,154 Abshire Fields Port Myrtis NH 64083,Capt America,Small,443,2016-06-06 12:41:39 -0500
